Preamble Index,Preamble index mask,Preamble power offset,TCRNTI,TA value,Grant Raw,Harq ID,MAC PDU,MAC PDU.1,MAC PDU.2,MAC PDU.3,MAC PDU.4,MAC PDU.5,MAC PDU.6,MAC PDU.7,MAC PDU.8,MAC PDU.9,MAC PDU.10,MAC PDU.11,MAC PDU.13,MAC PDU.14,MAC PDU.15,MAC PDU.16,MAC PDU.17,MAC PDU.18,label
12,0xff,65440,18495,9,0x460100,3,0x20,0x06,0x1f,0x41,0x2c,0x2a,0xf5,0x51,0xf4,0x05,0x00,0x00,0x2a,0xf5,0x51,0xf4,0x05,0x00,airbnb
17,0xff,65440,43800,9,0x460100,3,0x20,0x06,0x1f,0x41,0x2c,0x2a,0xf5,0x51,0xf4,0x05,0x00,0x00,0x2a,0xf5,0x51,0xf4,0x05,0x00,airbnb
23,0xff,65440,45003,9,0x460100,3,0x20,0x06,0x1f,0x41,0x2c,0x2a,0xf5,0x51,0xf8,0x05,0x34,0x00,0x2a,0xf5,0x51,0xf8,0x05,0x34,airbnb
5,0xff,65440,53105,9,0x460100,7,0x20,0x06,0x1f,0x41,0x2c,0x2a,0xf5,0x51,0xf8,0x06,0x00,0x00,0x2a,0xf5,0x51,0xf8,0x06,0x00,Amazon Shopping
3,0xff,65440,9706,10,0x840100,1,0x20,0x06,0x1f,0x41,0x2c,0x2a,0xd5,0x13,0x24,0x1c,0x00,0x00,0x2a,0xd5,0x13,0x24,0x1c,0x00,doordash
4,0xff,65440,41924,10,0x460100,7,0x20,0x06,0x1f,0x41,0x2c,0x2a,0xd5,0x13,0x24,0x05,0x00,0x00,0x2a,0xd5,0x13,0x24,0x05,0x00,doordash
5,0xff,65436,55010,11,0x220100,4,0x20,0x06,0x1f,0x41,0x2c,0x2a,0xd5,0x13,0x24,0x1c,0x36,0x00,0x2a,0xd5,0x13,0x24,0x1c,0x36,doordash
25,0xff,65440,28269,9,0x460100,1,0x20,0x06,0x1f,0x41,0x2c,0x2a,0xd5,0x13,0x24,0x1c,0x00,0x00,0x2a,0xd5,0x13,0x24,0x1c,0x00,doordash
24,0xff,65436,53037,9,0x840100,1,0x20,0x06,0x1f,0x41,0x2c,0x2a,0x02,0x58,0xb8,0x06,0x00,0x00,0x2a,0x02,0x58,0xb8,0x06,0x00,Google Maps
3,0xff,65436,36636,9,0xdc0000,5,0x20,0x06,0x1f,0x41,0x2c,0x2a,0x02,0x58,0xb4,0x06,0x00,0x00,0x2a,0x02,0x58,0xb4,0x06,0x00,Google Maps
29,0xff,65440,46342,10,0xdc0000,5,0x20,0x06,0x1f,0x41,0x2c,0x2a,0xd5,0x13,0x28,0x1c,0x00,0x00,0x2a,0xd5,0x13,0x28,0x1c,0x00,Macys
1,0xff,65436,28713,10,0xa80000,6,0x20,0x06,0x1f,0x41,0x2c,0x2a,0xd5,0x13,0x28,0x1c,0xdb,0x00,0x2a,0xd5,0x13,0x28,0x1c,0xdb,Macys
11,0xff,65440,60262,9,0x460100,5,0x20,0x06,0x1f,0x41,0x2c,0x2a,0xd5,0x13,0x24,0x1c,0x00,0x00,0x2a,0xd5,0x13,0x24,0x1c,0x00,Macys
14,0x75,65440,31280,10,0x840100,3,0x3b,0x3d,0x3a,0x01,0xcd,0x58,0x05,0x03,0x88,0x05,0x00,0xff,0x58,0x05,0x03,0x88,0x05,0x00,New York Post
10,0xff,65440,43861,10,0xdc0000,5,0x20,0x06,0x1f,0x41,0x2c,0x2a,0xf5,0x51,0xf8,0x53,0x00,0x00,0x2a,0xf5,0x51,0xf8,0x53,0x00,Pinterest
11,0xff,65440,43800,10,0x840100,5,0x20,0x06,0x1f,0x41,0x2c,0x2a,0xf5,0x51,0xf8,0x03,0x39,0x36,0x2a,0xf5,0x51,0xf8,0x03,0x39,Starbucks
27,0xff,65436,31405,10,0xa80000,6,0x20,0x06,0x1f,0x41,0x2c,0x2a,0xf5,0x51,0xf8,0x06,0x00,0x00,0x2a,0xf5,0x51,0xf8,0x06,0x00,Twitch
3,0xff,65436,14066,11,0xa80000,6,0x20,0x06,0x1f,0x41,0x2c,0x2a,0xf5,0x51,0xf4,0x05,0x00,0x00,0x2a,0xf5,0x51,0xf4,0x05,0x00,Walmart
