Radio Bearer ID,Physical Cell ID,Freq,SysFrameNum/SubFrameNum,PDU Number,SIB Mask in SI,Msg Length,label
1,349,66586,49506,7,0,2,airbnb
0,349,66586,3369,5,0,7,airbnb
0,349,66586,0,8,0,6,airbnb
0,349,66586,3537,6,0,34,airbnb
1,349,66586,0,9,0,7,airbnb
1,349,66586,36373,7,0,3,airbnb
1,349,66586,0,9,0,2,airbnb
1,349,66586,52757,7,0,142,airbnb
1,349,66586,0,9,0,2,airbnb
1,349,66586,0,9,0,4,airbnb
2,349,66586,52791,7,0,2,airbnb
1,349,66586,0,9,0,3,airbnb
0,349,66586,4505,5,0,7,airbnb
1,349,66586,54160,7,0,2,airbnb
2,349,66586,56804,7,0,2,airbnb
1,349,66586,0,9,0,3,airbnb
1,349,66586,0,9,0,4,airbnb
1,349,66586,56865,7,0,8,airbnb
1,349,66586,0,9,0,2,airbnb
0,349,66586,10601,5,0,7,airbnb
0,349,66586,2505,5,0,15,airbnb
1,349,66586,51090,7,0,2,airbnb
1,349,66586,0,9,0,25,airbnb
1,349,66586,62872,7,0,2,airbnb
0,349,66586,1321,5,0,7,airbnb
0,349,66586,297,5,0,7,airbnb
0,349,66586,7465,5,0,7,airbnb
0,349,66586,10649,5,0,7,airbnb
0,349,66586,2345,5,0,7,airbnb
0,349,66586,6441,5,0,7,airbnb
0,349,66586,14633,5,0,7,airbnb
1,349,66586,65362,7,0,2,airbnb
0,349,66586,4553,5,0,7,airbnb
1,349,66586,55744,7,0,2,airbnb
0,349,66586,9513,5,0,15,airbnb
0,349,66586,15657,5,0,7,airbnb
0,349,66586,3369,5,0,7,airbnb
0,349,66586,8553,5,0,7,airbnb
0,349,66586,3369,5,0,7,airbnb
0,349,66586,11561,5,0,15,airbnb
0,349,66586,11561,5,0,7,airbnb
1,349,66586,62720,7,0,66,airbnb
1,349,66586,0,9,0,2,airbnb
1,349,66586,0,9,0,25,airbnb
0,349,66586,10585,5,0,7,airbnb
0,349,66586,12633,5,0,15,airbnb
0,349,66586,1321,5,0,7,airbnb
0,349,66586,5417,5,0,7,airbnb
0,349,66586,11561,5,0,7,airbnb
0,349,66586,0,8,0,6,airbnb
0,349,66586,11649,6,0,34,airbnb
1,349,66586,0,9,0,7,airbnb
1,349,66586,44482,7,0,3,airbnb
1,349,66586,0,9,0,2,airbnb
1,349,66586,60866,7,0,142,airbnb
1,349,66586,0,9,0,2,airbnb
2,349,66586,60930,7,0,2,airbnb
1,349,66586,0,9,0,3,airbnb
1,349,66586,0,9,0,4,airbnb
1,349,66586,60953,7,0,8,airbnb
1,349,66586,0,9,0,2,airbnb
0,349,66586,10265,5,0,7,airbnb
1,349,66586,60944,7,0,2,airbnb
0,349,66586,14345,5,0,15,airbnb
0,349,66586,2505,5,0,15,airbnb
0,349,66586,7465,5,0,7,airbnb
1,349,66586,0,9,0,8,airbnb
0,349,66586,4233,5,0,7,airbnb
1,349,66586,54902,7,0,8,airbnb
1,349,66586,0,9,0,2,airbnb
0,349,66586,0,8,0,6,airbnb
0,349,66586,10880,6,0,34,airbnb
1,349,66586,0,9,0,7,airbnb
1,349,66586,43701,7,0,3,airbnb
1,349,66586,0,9,0,2,airbnb
1,349,66586,60086,7,0,142,airbnb
1,349,66586,0,9,0,2,airbnb
1,349,66586,0,9,0,4,airbnb
2,349,66586,60118,7,0,2,airbnb
1,349,66586,0,9,0,3,airbnb
1,349,66586,60185,7,0,8,airbnb
1,349,66586,0,9,0,2,airbnb
1,349,66586,0,9,0,2,airbnb
1,349,66586,64581,7,0,142,airbnb
1,349,66586,0,9,0,2,airbnb
1,349,66586,0,9,0,4,airbnb
2,349,66586,64629,7,0,2,airbnb
1,349,66586,0,9,0,3,airbnb
1,349,66586,64647,7,0,8,airbnb
1,349,66586,0,9,0,2,airbnb
1,349,66586,0,9,0,25,Amazon Shopping
0,349,66586,361,5,0,7,Amazon Shopping
0,349,66586,8553,5,0,18,Amazon Shopping
0,349,66586,1321,5,0,18,Amazon Shopping
0,349,66586,8553,5,0,7,Amazon Shopping
0,349,66586,8521,5,0,7,Amazon Shopping
0,349,66586,0,8,0,6,Amazon Shopping
0,349,66586,16160,6,0,34,Amazon Shopping
1,349,66586,0,9,0,7,Amazon Shopping
1,349,66586,48998,7,0,3,Amazon Shopping
1,349,66586,0,9,0,2,Amazon Shopping
1,349,66586,65382,7,0,142,Amazon Shopping
1,349,66586,0,9,0,2,Amazon Shopping
1,349,66586,0,9,0,4,Amazon Shopping
2,349,66586,65489,7,0,2,Amazon Shopping
1,349,66586,0,9,0,3,Amazon Shopping
1,349,66586,65510,7,0,8,Amazon Shopping
1,349,66586,0,9,0,2,Amazon Shopping
0,349,66586,2409,5,0,7,Amazon Shopping
0,349,66586,12617,5,0,7,Amazon Shopping
1,349,66586,62787,7,0,2,Amazon Shopping
1,349,66586,0,9,0,25,Amazon Shopping
1,349,66586,0,9,0,25,Amazon Shopping
1,349,66586,57366,7,0,2,Amazon Shopping
1,349,66586,64500,7,0,18,Amazon Shopping
1,349,66586,0,9,0,2,Amazon Shopping
1,349,66586,0,9,0,25,Amazon Shopping
0,349,66586,361,5,0,7,Amazon Shopping
0,202,977,12345,5,0,15,doordash
0,349,66586,12425,5,0,7,doordash
1,349,66586,0,9,0,8,doordash
1,349,66586,0,9,0,8,doordash
0,202,977,1321,5,0,7,doordash
0,349,2100,1573,2,2,32,doordash
0,349,2100,0,2,4,49,doordash
0,349,2100,0,2,8,9,doordash
0,349,2100,0,2,32,97,doordash
0,349,66586,1861,2,2,32,doordash
0,349,66586,0,2,4,49,doordash
0,349,66586,0,2,8,9,doordash
0,349,66586,0,2,32,97,doordash
0,349,66586,3369,5,0,7,doordash
0,349,66586,0,8,0,6,doordash
0,349,66586,3457,6,0,34,doordash
1,349,66586,0,9,0,7,doordash
1,349,66586,36281,7,0,3,doordash
1,349,66586,0,9,0,2,doordash
1,349,66586,52665,7,0,142,doordash
1,349,66586,0,9,0,2,doordash
1,349,66586,0,9,0,4,doordash
2,349,66586,52708,7,0,2,doordash
1,349,66586,0,9,0,3,doordash
1,349,66586,52740,7,0,8,doordash
1,349,66586,0,9,0,2,doordash
1,349,66586,0,9,0,22,doordash
0,349,66586,4601,5,0,7,doordash
0,349,66586,5417,5,0,15,doordash
0,349,66586,2121,5,0,7,doordash
0,349,66586,11561,5,0,7,doordash
0,349,66586,13609,5,0,7,doordash
0,349,66586,0,8,0,6,doordash
0,349,66586,13793,6,0,34,doordash
1,349,66586,0,9,0,7,doordash
1,349,66586,46617,7,0,3,doordash
1,349,66586,0,9,0,2,doordash
1,349,66586,63008,7,0,142,doordash
1,349,66586,0,9,0,2,doordash
1,349,66586,0,9,0,4,doordash
2,349,66586,63252,7,0,2,doordash
1,349,66586,0,9,0,3,doordash
1,349,66586,0,9,0,22,doordash
1,202,977,0,9,0,25,doordash
0,349,66586,14473,5,0,7,doordash
1,349,66586,49991,7,0,27,doordash
1,349,66586,0,9,0,2,doordash
1,202,977,50433,7,0,2,doordash
0,202,977,3369,5,0,15,doordash
0,202,977,0,8,0,6,doordash
0,202,977,3432,6,0,34,doordash
1,202,977,0,9,0,7,doordash
1,202,977,36260,7,0,3,doordash
1,202,977,0,9,0,2,doordash
1,202,977,52644,7,0,127,doordash
1,202,977,0,9,0,2,doordash
1,202,977,0,9,0,8,doordash
2,202,977,52679,7,0,2,doordash
1,202,977,0,9,0,3,doordash
1,202,977,52738,7,0,8,doordash
1,202,977,0,9,0,2,doordash
1,202,977,0,9,0,22,doordash
0,202,977,8665,5,0,7,doordash
0,202,977,12809,5,0,7,doordash
0,349,66586,14489,5,0,15,doordash
0,349,66586,6329,5,0,7,doordash
0,349,66586,12425,5,0,7,doordash
1,349,66586,56983,7,0,2,doordash
1,349,66586,0,9,0,7,doordash
1,349,66586,46615,7,0,3,doordash
1,349,66586,0,9,0,2,doordash
1,349,66586,63000,7,0,142,doordash
1,349,66586,0,9,0,2,doordash
1,349,66586,0,9,0,4,doordash
2,349,66586,63106,7,0,2,doordash
1,349,66586,0,9,0,3,doordash
1,349,66586,63111,7,0,8,doordash
1,349,66586,0,9,0,2,doordash
0,202,977,10761,5,0,7,doordash
1,349,66586,54969,7,0,2,doordash
0,349,66586,14473,5,0,15,doordash
0,349,66586,4425,5,0,15,doordash
0,349,66586,10345,5,0,15,doordash
0,349,66586,329,5,0,7,doordash
0,349,66586,12393,5,0,7,doordash
1,349,66586,36857,7,0,3,doordash
1,349,66586,0,9,0,2,doordash
1,349,66586,53241,7,0,142,doordash
1,349,66586,0,9,0,2,doordash
2,349,66586,53281,7,0,2,doordash
1,349,66586,0,9,0,3,doordash
1,349,66586,0,9,0,4,doordash
1,349,66586,53337,7,0,8,doordash
1,349,66586,0,9,0,2,doordash
1,349,66586,0,9,0,4,doordash
2,349,66586,60977,7,0,2,doordash
1,349,66586,0,9,0,3,doordash
1,349,66586,60982,7,0,8,doordash
1,349,66586,0,9,0,2,doordash
1,349,66586,56086,7,0,2,doordash
0,349,66586,3369,5,0,15,doordash
0,349,66586,0,8,0,6,doordash
0,349,66586,3456,6,0,34,doordash
1,349,66586,0,9,0,7,doordash
0,349,66586,4617,5,0,7,Dualingo
0,349,66586,2569,5,0,18,Dualingo
0,349,66586,4617,5,0,7,Dualingo
0,349,66586,6665,5,0,7,Dualingo
0,349,66586,10761,5,0,7,Dualingo
0,349,66586,2569,5,0,7,Dualingo
0,349,66586,12361,5,0,7,Dualingo
0,349,66586,12809,5,0,7,Dualingo
0,349,66586,14857,5,0,7,Dualingo
0,349,66586,2569,5,0,7,Dualingo
1,349,66586,0,9,0,22,Gmail
1,349,66586,0,9,0,25,Gmail
1,349,66586,0,9,0,25,Google Chrome
1,349,66586,0,9,0,4,Google Chrome
1,349,66586,0,9,0,25,Google Chrome
1,349,66586,0,9,0,25,Google Chrome
1,349,66586,0,9,0,22,Google Maps
1,349,66586,0,9,0,22,Google Maps
1,349,66586,0,9,0,22,Google Maps
0,349,66586,12777,5,0,7,Google Maps
1,349,66586,51159,7,0,2,Google Maps
0,349,66586,0,8,0,6,Google Maps
0,349,66586,4161,6,0,34,Google Maps
1,349,66586,0,9,0,7,Google Maps
1,349,66586,36983,7,0,3,Google Maps
1,349,66586,0,9,0,2,Google Maps
1,349,66586,53368,7,0,142,Google Maps
1,349,66586,0,9,0,2,Google Maps
1,349,66586,0,9,0,4,Google Maps
2,349,66586,53398,7,0,2,Google Maps
1,349,66586,0,9,0,3,Google Maps
1,349,66586,61941,7,0,12,Google Maps
1,349,66586,0,9,0,2,Google Maps
0,349,66586,10489,5,0,7,Google Maps
1,349,66586,0,9,0,22,Google Maps
0,349,66586,12537,5,0,15,Google Maps
1,349,66586,53783,7,0,2,Google Maps
0,349,66586,1321,5,0,7,Google Maps
0,349,66586,3369,5,0,7,Google Maps
0,349,66586,0,8,0,6,Google Maps
0,349,66586,3457,6,0,34,Google Maps
1,349,66586,0,9,0,7,Google Maps
0,349,66586,8393,5,0,15,Google Play
0,349,66586,2521,5,0,7,Linked In
1,349,66586,54263,7,0,66,Linked In
1,349,66586,0,9,0,2,Linked In
0,349,66586,393,5,0,7,Linked In
1,349,66586,0,9,0,22,Linked In
0,349,66586,3385,5,0,15,Linked In
0,349,66586,2505,5,0,7,Linked In
1,349,66586,0,9,0,25,Linked In
0,349,66586,11561,5,0,7,Linked In
0,349,66586,12745,5,0,7,Linked In
1,349,66586,0,9,0,25,Linked In
0,349,66586,2441,5,0,7,Linked In
0,349,66586,4553,5,0,7,Linked In
1,349,66586,54593,7,0,66,Linked In
1,349,66586,0,9,0,2,Linked In
1,349,66586,0,9,0,4,Linked In
1,349,66586,52128,7,0,8,Linked In
1,349,66586,0,9,0,2,Linked In
1,349,66586,0,9,0,25,Linked In
1,349,66586,0,9,0,25,Linked In
1,202,977,49986,7,0,2,Macys
0,202,977,1321,5,0,7,Macys
1,349,66586,65512,7,0,2,Macys
0,349,66586,8457,5,0,7,Macys
1,349,66586,58548,7,0,12,Macys
1,349,66586,0,9,0,2,Macys
1,349,66586,0,9,0,22,Macys
0,349,66586,0,8,0,6,Macys
0,349,66586,112,6,0,34,Macys
1,349,66586,0,9,0,7,Macys
1,349,66586,32961,7,0,3,Macys
1,349,66586,0,9,0,2,Macys
1,349,66586,49345,7,0,142,Macys
1,349,66586,0,9,0,2,Macys
2,349,66586,49394,7,0,2,Macys
1,349,66586,0,9,0,3,Macys
1,349,66586,0,9,0,4,Macys
1,349,66586,49412,7,0,8,Macys
1,349,66586,0,9,0,2,Macys
1,349,66586,0,9,0,25,Macys
0,349,66586,10729,5,0,7,Macys
0,202,977,10345,5,0,15,Macys
0,202,977,12393,5,0,7,Macys
0,202,977,3369,5,0,7,Macys
0,202,977,1321,5,0,7,Macys
0,202,977,0,8,0,6,Macys
0,202,977,1527,6,0,34,Macys
1,202,977,0,9,0,7,Macys
1,202,977,34355,7,0,3,Macys
1,202,977,0,9,0,2,Macys
1,202,977,50739,7,0,127,Macys
1,202,977,0,9,0,2,Macys
1,202,977,0,9,0,8,Macys
2,202,977,50772,7,0,2,Macys
1,202,977,0,9,0,3,Macys
1,202,977,50834,7,0,8,Macys
1,202,977,0,9,0,2,Macys
0,349,66586,10505,5,0,7,Macys
0,349,66586,10473,5,0,7,Macys
0,202,977,5417,5,0,7,Macys
1,349,66586,55224,7,0,2,Macys
0,349,66586,7465,5,0,7,Macys
0,349,66586,0,8,0,6,Macys
0,349,66586,7536,6,0,34,Macys
1,349,66586,0,9,0,7,Macys
1,349,66586,40376,7,0,3,Macys
1,349,66586,0,9,0,2,Macys
1,349,66586,56760,7,0,142,Macys
1,349,66586,0,9,0,2,Macys
1,349,66586,0,9,0,4,Macys
2,349,66586,56867,7,0,2,Macys
1,349,66586,0,9,0,29,Macys
0,349,66586,2297,5,0,7,Macys
0,349,66586,12393,5,0,7,New York Post
1,349,66586,49763,7,0,2,New York Post
0,349,66586,6553,5,0,7,New York Post
0,349,66586,10649,5,0,7,New York Post
0,349,66586,12697,5,0,7,New York Post
0,349,66586,14745,5,0,7,New York Post
0,349,66586,409,5,0,26,New York Post
1,349,66586,0,9,0,22,New York Post
1,349,66586,51137,7,0,25,New York Post
1,349,66586,0,9,0,2,New York Post
0,202,977,10537,5,0,18,New York Post
1,202,977,60872,7,0,70,New York Post
1,202,977,0,9,0,2,New York Post
0,202,977,12585,5,0,15,New York Post
0,202,977,14633,5,0,15,New York Post
1,202,977,0,9,0,19,New York Post
0,202,977,14633,5,0,15,New York Post
0,202,977,2345,5,0,7,New York Post
0,202,977,4393,5,0,7,New York Post
1,202,977,0,9,0,29,New York Post
0,202,977,10537,5,0,7,New York Post
0,349,66586,12537,5,0,15,Pinterest
0,349,66586,12537,5,0,15,Pinterest
0,349,66586,2297,5,0,15,Pinterest
0,349,66586,249,5,0,7,Pinterest
0,349,66586,6393,5,0,7,Pinterest
0,349,66586,3369,5,0,7,Pinterest
0,349,66586,7465,5,0,7,Pinterest
0,349,66586,0,8,0,6,Pinterest
0,349,66586,10369,6,0,34,Pinterest
1,349,66586,0,9,0,7,Pinterest
1,349,66586,10436,7,0,3,Pinterest
1,349,66586,0,9,0,2,Pinterest
1,349,66586,59589,7,0,142,Pinterest
1,349,66586,0,9,0,2,Pinterest
2,349,66586,59635,7,0,2,Pinterest
1,349,66586,0,9,0,3,Pinterest
1,349,66586,0,9,0,4,Pinterest
1,349,66586,59667,7,0,8,Pinterest
1,349,66586,0,9,0,2,Pinterest
0,349,66586,2297,5,0,7,Pinterest
1,349,66586,0,9,0,25,Pinterest
0,349,66586,10489,5,0,7,Pinterest
1,349,66586,0,9,0,25,Pinterest
0,349,66586,10489,5,0,7,Pinterest
0,349,66586,249,5,0,15,Pinterest
0,349,66586,57,5,0,7,Reddit
0,349,66586,6633,5,0,7,Reddit
0,349,66586,3369,5,0,15,Reddit
0,349,66586,14665,5,0,7,Snapchat
1,349,66586,61943,7,0,2,Snapchat
0,349,66586,12793,5,0,18,Snapchat
0,349,66586,14505,5,0,7,Snapchat
1,349,66586,49712,7,0,75,Snapchat
1,349,66586,0,9,0,2,Snapchat
1,349,66586,0,9,0,22,Snapchat
0,349,66586,10281,5,0,15,Snapchat
0,349,66586,8617,5,0,7,Snapchat
1,349,66586,58786,7,0,2,Snapchat
1,349,66586,0,9,0,25,Starbucks
0,349,66586,12585,5,0,7,Starbucks
0,349,66586,14633,5,0,15,Starbucks
1,349,66586,64800,7,0,27,Starbucks
1,349,66586,0,9,0,2,Starbucks
1,349,66586,0,9,0,8,Starbucks
1,349,66586,0,9,0,25,Starbucks
1,349,66586,0,9,0,8,Starbucks
0,349,66586,14633,5,0,15,Starbucks
1,349,66586,49952,7,0,2,Starbucks
0,349,66586,4393,5,0,7,Starbucks
0,349,66586,4489,5,0,7,Starbucks
1,349,66586,0,9,0,2,Starbucks
0,349,66586,13609,5,0,7,Starbucks
1,349,66586,62853,7,0,2,Starbucks
0,349,66586,5417,5,0,7,Starbucks
0,349,66586,6537,5,0,7,Starbucks
0,349,66586,1321,5,0,7,Starbucks
0,349,66586,10537,5,0,7,Starbucks
1,349,66586,0,9,0,26,Starbucks
1,349,66586,61057,7,0,12,Starbucks
1,349,66586,0,9,0,2,Starbucks
0,349,66586,1321,5,0,7,Starbucks
0,349,66586,3369,5,0,7,Starbucks
0,349,66586,0,8,0,6,Starbucks
0,349,66586,3600,6,0,34,Starbucks
1,349,66586,0,9,0,7,Starbucks
1,349,66586,36436,7,0,3,Starbucks
1,349,66586,0,9,0,2,Starbucks
1,349,66586,52821,7,0,142,Starbucks
1,349,66586,0,9,0,2,Starbucks
2,349,66586,52866,7,0,2,Starbucks
1,349,66586,0,9,0,3,Starbucks
1,349,66586,0,9,0,4,Starbucks
1,349,66586,52901,7,0,8,Starbucks
1,349,66586,0,9,0,2,Starbucks
1,202,977,63888,7,0,2,Twitch
0,202,977,1321,5,0,7,Twitch
0,202,977,3369,5,0,7,Twitch
0,202,977,11561,5,0,7,Twitch
0,202,977,13609,5,0,15,Twitch
0,202,977,5417,5,0,7,Twitch
0,202,977,7465,5,0,7,Twitch
0,202,977,0,8,0,6,Twitch
0,202,977,7719,6,0,34,Twitch
1,202,977,0,9,0,7,Twitch
1,202,977,40546,7,0,3,Twitch
1,202,977,0,9,0,2,Twitch
1,202,977,56931,7,0,127,Twitch
1,202,977,0,9,0,2,Twitch
1,202,977,0,9,0,11,Twitch
2,202,977,56981,7,0,2,Twitch
1,202,977,0,9,0,3,Twitch
1,202,977,0,9,0,25,Twitch
1,202,977,58919,7,0,70,Twitch
1,202,977,0,9,0,2,Twitch
0,202,977,10745,5,0,7,Twitch
0,202,977,8601,5,0,7,Twitch
0,202,977,10649,5,0,7,Twitch
0,202,977,12697,5,0,15,Twitch
0,202,977,8601,5,0,7,Twitch
0,202,977,10649,5,0,7,Twitch
0,202,977,505,5,0,7,Twitch
1,202,977,0,9,0,25,Twitch
0,202,977,2553,5,0,7,Twitch
1,349,66586,0,9,0,25,Twitter
0,349,66586,6361,5,0,15,Twitter
1,349,66586,0,9,0,25,Twitter
0,349,66586,4313,5,0,7,Twitter
0,349,66586,6361,5,0,7,Twitter
0,349,66586,10457,5,0,7,Twitter
0,349,66586,4313,5,0,7,Twitter
1,349,66586,0,9,0,25,Twitter
0,349,66586,14553,5,0,7,Twitter
0,349,66586,8409,5,0,7,Twitter
0,202,977,4313,5,0,7,Walmart
1,202,977,61001,7,0,8,Walmart
1,202,977,0,9,0,2,Walmart
0,202,977,4313,5,0,7,Walmart
0,202,977,4313,5,0,7,Walmart
0,202,977,217,5,0,7,Walmart
1,202,977,0,9,0,30,Walmart
0,202,977,329,5,0,7,Walmart
1,202,977,0,9,0,30,Walmart
1,202,977,50119,7,0,12,Walmart
1,202,977,0,9,0,2,Walmart
0,202,977,12505,5,0,7,Walmart
0,202,977,12617,5,0,15,Walmart
1,202,977,0,9,0,22,Walmart
1,202,977,0,9,0,22,Walmart
1,202,977,61056,7,0,70,Walmart
1,202,977,0,9,0,2,Walmart
0,202,977,8409,5,0,7,Walmart
1,202,977,53601,7,0,2,Walmart
0,202,977,4457,5,0,15,Walmart
0,202,977,5417,5,0,32,Walmart
0,202,977,7465,5,0,7,Walmart
0,202,977,11561,5,0,7,Walmart
0,202,977,0,8,0,6,Walmart
0,202,977,11704,6,0,34,Walmart
1,202,977,0,9,0,7,Walmart
1,202,977,44544,7,0,3,Walmart
1,202,977,0,9,0,2,Walmart
1,202,977,60928,7,0,127,Walmart
1,202,977,0,9,0,2,Walmart
1,202,977,0,9,0,8,Walmart
2,202,977,60969,7,0,2,Walmart
1,202,977,0,9,0,3,Walmart
0,202,977,2377,5,0,15,Walmart
1,202,977,55064,7,0,19,Walmart
1,202,977,0,9,0,2,Walmart
1,202,977,0,9,0,29,Walmart
0,202,977,13609,5,0,7,Walmart
0,118,977,4601,5,0,7,Youtube
1,118,977,56868,7,0,8,Youtube
1,118,977,0,9,0,2,Youtube
1,202,977,59552,7,0,2,Youtube
1,118,977,60032,7,0,2,Youtube
0,118,977,0,8,0,6,Youtube
0,118,977,11025,6,0,34,Youtube
1,118,977,0,9,0,7,Youtube
1,202,977,0,9,0,26,Youtube
0,202,977,12457,5,0,7,Youtube
1,118,977,58361,7,0,2,Youtube
1,202,977,0,9,0,29,Youtube
1,349,66586,0,9,0,8,Youtube
1,349,66586,61393,7,0,73,Youtube
1,118,977,63377,7,0,116,Youtube
1,118,977,0,9,0,2,Youtube
1,349,66586,53713,7,0,2,Youtube
0,349,66586,5417,5,0,15,Youtube
0,349,66586,0,8,0,6,Youtube
0,349,66586,5969,6,0,34,Youtube
1,349,66586,0,9,0,7,Youtube
1,349,66586,38790,7,0,3,Youtube
1,349,66586,0,9,0,2,Youtube
1,349,66586,55174,7,0,142,Youtube
1,349,66586,0,9,0,2,Youtube
1,349,66586,0,9,0,4,Youtube
2,349,66586,55208,7,0,2,Youtube
1,349,66586,0,9,0,3,Youtube
1,118,977,0,9,0,35,Youtube
1,118,977,63849,7,0,116,Youtube
1,118,977,0,9,0,2,Youtube
0,118,977,12345,6,0,34,Youtube
1,118,977,0,9,0,7,Youtube
1,118,977,45192,7,0,3,Youtube
1,118,977,0,9,0,2,Youtube
1,118,977,61577,7,0,146,Youtube
1,118,977,0,9,0,2,Youtube
2,118,977,61607,7,0,2,Youtube
1,118,977,0,9,0,3,Youtube
1,118,977,0,9,0,8,Youtube
1,118,977,61688,7,0,8,Youtube
1,118,977,0,9,0,2,Youtube
1,118,977,64405,7,0,102,Youtube
1,118,977,0,9,0,2,Youtube
1,118,977,63063,7,0,116,Youtube
1,118,977,0,9,0,2,Youtube
0,349,66586,2105,5,0,7,Youtube
1,202,977,0,9,0,29,Youtube
1,118,977,58617,7,0,2,Youtube
0,118,977,13609,5,0,7,Youtube
0,118,977,0,8,0,6,Youtube
0,118,977,15170,6,0,34,Youtube
1,118,977,0,9,0,7,Youtube
1,118,977,48003,7,0,3,Youtube
1,118,977,0,9,0,2,Youtube
1,118,977,64388,7,0,146,Youtube
1,118,977,0,9,0,2,Youtube
1,118,977,0,9,0,8,Youtube
2,118,977,64421,7,0,2,Youtube
1,118,977,0,9,0,3,Youtube
1,202,977,0,9,0,2,Youtube
1,202,977,61463,7,0,57,Youtube
1,202,977,0,9,0,2,Youtube
0,202,977,12325,2,2,26,Youtube
0,202,977,0,2,4,41,Youtube
0,202,977,0,2,32,97,Youtube
0,202,977,0,2,8,9,Youtube
2,202,977,61492,7,0,2,Youtube
1,202,977,0,9,0,3,Youtube
1,202,977,0,9,0,22,Youtube
0,118,977,14585,5,0,7,Youtube
0,118,977,6649,5,0,7,Youtube
0,118,977,2553,5,0,7,Youtube
0,118,977,10661,2,2,26,Youtube
0,118,977,10753,2,4,41,Youtube
0,118,977,10816,2,32,69,Youtube
0,118,977,0,8,0,6,Youtube
0,118,977,10897,6,0,34,Youtube
1,118,977,0,9,0,7,Youtube
1,118,977,43732,7,0,3,Youtube
1,118,977,0,9,0,2,Youtube
1,118,977,60117,7,0,149,Youtube
1,118,977,0,9,0,2,Youtube
1,118,977,0,9,0,11,Youtube
2,118,977,60163,7,0,2,Youtube
1,118,977,0,9,0,3,Youtube
1,118,977,60183,7,0,8,Youtube
0,118,977,11040,2,8,9,Youtube
1,118,977,0,9,0,2,Youtube
0,349,66586,11561,5,0,7,Youtube
1,202,977,0,9,0,29,Youtube
0,118,977,6265,5,0,7,Youtube
